vedanan	iisnvind	ihivnd
5e739283-700d-11ea-baef-204747c5a17a	kvelez@cox.org	e258:2456:c2c0:86ed:4c1e:281:9ac0:3de6
5e739284-700d-11ea-88c9-204747c5a17a	jared51@gmail.com	dabd:dc0e:5caa:5830:f134:a516:ba5a:d485
5e739285-700d-11ea-abb3-204747c5a17a	ritterjenna@yahoo.com	11f9:942b:b339:2058:f3fe:6b:6709:68ea
5e739286-700d-11ea-8191-204747c5a17a	smithjustin@williams.com	90af:cfdd:fc8c:8e88:429b:fdc7:f885:e36b
5e739287-700d-11ea-aece-204747c5a17a	adamkirby@schneider.com	6954:c27c:3245:c87c:664b:86bd:4392:30bc
5e739288-700d-11ea-b93f-204747c5a17a	gilesdestiny@myers-escobar.com	e39:b7ba:fb4c:e437:8b0d:f7bf:cd4e:b066
5e739289-700d-11ea-84cb-204747c5a17a	sandraterrell@morales-goodman.org	4066:e445:2c8e:6251:7219:d8bc:7756:6ffe
5e73928a-700d-11ea-be85-204747c5a17a	ramseykaren@gonzalez.biz	16a5:87df:1cf1:b219:e1d7:c085:27bb:2236
5e73928b-700d-11ea-8eb4-204747c5a17a	carolgonzales@gmail.com	9808:ed6a:80b3:1e4e:a12e:4b4f:2006:ebee
5e73928c-700d-11ea-8450-204747c5a17a	sheila13@gmail.com	984f:a018:5263:83b7:ccf8:4485:6183:bae1
