jbuvjbd,kividnv,busbcd,ihvihdihv,hjvdjbviknkvnifvn,kihdivhf
Not valid Field Type,Not valid Field Type,Not valid Field Type,Not valid Field Type,Not valid Field Type,Not valid Field Type
Not valid Field Type,Not valid Field Type,Not valid Field Type,Not valid Field Type,Not valid Field Type,Not valid Field Type
Not valid Field Type,Not valid Field Type,Not valid Field Type,Not valid Field Type,Not valid Field Type,Not valid Field Type
Not valid Field Type,Not valid Field Type,Not valid Field Type,Not valid Field Type,Not valid Field Type,Not valid Field Type
Not valid Field Type,Not valid Field Type,Not valid Field Type,Not valid Field Type,Not valid Field Type,Not valid Field Type
Not valid Field Type,Not valid Field Type,Not valid Field Type,Not valid Field Type,Not valid Field Type,Not valid Field Type
Not valid Field Type,Not valid Field Type,Not valid Field Type,Not valid Field Type,Not valid Field Type,Not valid Field Type
Not valid Field Type,Not valid Field Type,Not valid Field Type,Not valid Field Type,Not valid Field Type,Not valid Field Type
Not valid Field Type,Not valid Field Type,Not valid Field Type,Not valid Field Type,Not valid Field Type,Not valid Field Type
Not valid Field Type,Not valid Field Type,Not valid Field Type,Not valid Field Type,Not valid Field Type,Not valid Field Type
